Manufacturer,Model
Manufacturer,Model
Abarth,595 Turismo
Abarth,600e
Abarth,595
Abarth,500C
Abarth,595C
Abarth,595 Competizione
Abarth,Punto Evo
Abarth,695
Abarth,695C
Abarth,500
Abarth,Grande Punto
Abarth,124 Spider
Manufacturer,Model
Manufacturer,Model
Acura,TSX
Acura,NSX
Acura,RSX
Acura,MDX
Acura,RL
Acura,TL
Manufacturer,Model
Aiways,U5
Manufacturer,Model
Aixam,Cross
Aixam,Scouty R
Aixam,MinAuto
Aixam,Coupé
Aixam,Roadline
Aixam,City
Manufacturer,Model
Alfa Romeo,Giulietta
Alfa Romeo,Alfetta
Alfa Romeo,155
Alfa Romeo,156
Alfa Romeo,Giulia
Alfa Romeo,146
Alfa Romeo,75
Alfa Romeo,90
Alfa Romeo,Tonale
Alfa Romeo,Sprint
Alfa Romeo,Stelvio
Alfa Romeo,Spider
Alfa Romeo,147
Alfa Romeo,Junior
Alfa Romeo,33
Alfa Romeo,164
Alfa Romeo,GTV
Alfa Romeo,Alfasud
Alfa Romeo,Brera
Alfa Romeo,159
Alfa Romeo,145
Alfa Romeo,MiTo
Alfa Romeo,8C
Alfa Romeo,Crosswagon
Alfa Romeo,GT
Alfa Romeo,4C
Alfa Romeo,166
Manufacturer,Model
ALPINA,D3 S
ALPINA,D5
ALPINA,B6
ALPINA,B10
ALPINA,D10
ALPINA,D4 S
ALPINA,Roadster S
ALPINA,XB7
ALPINA,B3
ALPINA,XD4
ALPINA,B8
ALPINA,B12
ALPINA,D3
ALPINA,XD3
ALPINA,D4
ALPINA,B5
ALPINA,B4
ALPINA,B7
Manufacturer,Model
Alpine,A290
Alpine,A110
Manufacturer,Model
Manufacturer,Model
Ariel,Atom
Manufacturer,Model
Artega,GT
Manufacturer,Model
Asia Motors,Rocsta
Manufacturer,Model
Aston Martin,AR1
Aston Martin,DB7
Aston Martin,DBS
Aston Martin,Lagonda
Aston Martin,V8 Vantage
Aston Martin,DBX
Aston Martin,DB12
Aston Martin,Vanquish
Aston Martin,Virage
Aston Martin,DB9
Aston Martin,Rapide
Aston Martin,V12 Vantage
Aston Martin,DB
Aston Martin,Cygnet
Aston Martin,DB11
Manufacturer,Model
Audi,TT
Audi,TT RS
Audi,TTS
Manufacturer,Model
Audi,SQ6 e-tron
Audi,Q7
Audi,Q2
Audi,S4
Audi,S1
Audi,SQ8 e-tron
Audi,quattro
Audi,e-tron
Audi,RS7
Audi,Q6 e-tron
Audi,90
Audi,A3
Audi,RS2
Audi,100
Audi,80
Audi,e-tron GT
Audi,Q8
Audi,SQ8
Audi,A7
Audi,Q4
Audi,S3
Audi,A6 Allroad
Audi,A4
Audi,RSQ3
Audi,SQ5
Audi,S8
Audi,200
Audi,Cabriolet
Audi,V8
Audi,RS5
Audi,RS6
Audi,A4 Allroad
Audi,R8
Audi,S7
Audi,A8
Audi,Q4 e-tron
Audi,Q8 e-tron
Audi,RS e-tron GT
Audi,S5
Audi,RS3
Audi,S6 e-tron
Audi,SQ2
Audi,A6 e-tron
Audi,S2
Audi,SQ7
Audi,A1
Audi,Q5
Audi,Q3
Audi,RS4
Audi,A2
Audi,RSQ8
Audi,Coupé
Audi,A5
Audi,A6
Audi,S6
Manufacturer,Model
Manufacturer,Model
Manufacturer,Model
Manufacturer,Model
BAIC,X55
BAIC,Senova X55
BAIC,Beijing X35
BAIC,Senova D20
BAIC,Senova X35
BAIC,BJ60
BAIC,Senova X25
BAIC,Beijing X55
BAIC,Beijing X75
BAIC,BJ40
BAIC,Senova X65
BAIC,BJ20
BAIC,BJ30
Manufacturer,Model
Barkas,B1000
Manufacturer,Model
Bentley,Continental GTC
Bentley,Continental Flying Spur
Bentley,Continental
Bentley,Continental Supersports
Bentley,Continental GT
Manufacturer,Model
Bentley,Mulsanne
Bentley,Brooklands
Bentley,Flying Spur
Bentley,S2
Bentley,Arnage
Bentley,Bentayga
Bentley,Turbo S
Bentley,Eight
Bentley,Turbo RT
Bentley,Azure
Bentley,Turbo R
Manufacturer,Model
Manufacturer,Model
BMW,1er M Coupé
BMW,1er Reihe
BMW,123
BMW,114
BMW,120
BMW,135
BMW,125
BMW,128
BMW,116
BMW,130
BMW,118
Manufacturer,Model
BMW,216 Gran Tourer
BMW,216 Active Tourer
BMW,216 Gran Coupé
BMW,225 Active Tourer
BMW,220 Active Tourer
BMW,214 Gran Tourer
BMW,220 Gran Tourer
BMW,225
BMW,2er Reihe
BMW,216
BMW,2er Gran Coupé
BMW,218 Gran Tourer
BMW,228
BMW,223 Active Tourer
BMW,218 Gran Coupé
BMW,218
BMW,220
BMW,230
BMW,220 Gran Coupé
BMW,218 Active Tourer
BMW,214 Active Tourer
Manufacturer,Model
BMW,318 Gran Turismo
BMW,330
BMW,3er Reihe
BMW,318
BMW,340
BMW,325
BMW,330 Gran Turismo
BMW,324
BMW,320
BMW,335 Gran Turismo
BMW,315
BMW,328
BMW,335
BMW,323
BMW,316
BMW,328 Gran Turismo
BMW,340 Gran Turismo
BMW,320 Gran Turismo
BMW,ActiveHybrid 3
BMW,325 Gran Turismo
Manufacturer,Model
BMW,425
BMW,430 Gran Coupé
BMW,440
BMW,430
BMW,418 Gran Coupé
BMW,420
BMW,440 Gran Coupé
BMW,428 Gran Coupé
BMW,428
BMW,435 Gran Coupé
BMW,4er Reihe
BMW,435
BMW,420 Gran Coupé
BMW,418
BMW,425 Gran Coupé
Manufacturer,Model
BMW,530 Gran Turismo
BMW,535 Gran Turismo
BMW,550 Gran Turismo
BMW,540
BMW,524
BMW,ActiveHybrid 5
BMW,550
BMW,5er Reihe
BMW,528
BMW,525
BMW,530
BMW,535
BMW,523
BMW,520 Gran Turismo
BMW,545
BMW,520
BMW,518
Manufacturer,Model
BMW,635
BMW,645
BMW,633
BMW,630 Gran Turismo
BMW,6er Reihe
BMW,640 Gran Turismo
BMW,628
BMW,640 Gran Coupé
BMW,630
BMW,650
BMW,640
BMW,620 Gran Turismo
BMW,650 Gran Coupé
Manufacturer,Model
BMW,730
BMW,7er Reihe
BMW,725
BMW,740
BMW,760
BMW,735
BMW,732
BMW,750
BMW,728
BMW,ActiveHybrid 7
BMW,745
Manufacturer,Model
BMW,M760
BMW,M135
BMW,M340i
BMW,M340d
BMW,M3
BMW,M550
BMW,M6
BMW,M8
BMW,M-Modelle
BMW,M2
BMW,M4
BMW,M440
BMW,M235
BMW,M5
BMW,M850
BMW,M140i
BMW,M240i
Manufacturer,Model
BMW,X5 M
BMW,X5 M50
BMW,X5 M60
BMW,X3 M40
BMW,X3 M
BMW,X6 M50
BMW,X6 M60
BMW,X6 M
BMW,X4
BMW,X4 M
BMW,X-Reihe
BMW,X1
BMW,X2
BMW,X7 M60
BMW,X5
BMW,X7 M50
BMW,X3
BMW,X4 M40
BMW,X3 M50
BMW,ActiveHybrid X6
BMW,X6
BMW,X7
BMW,XM
Manufacturer,Model
BMW,Z4 M
BMW,Z4
BMW,Z8
BMW,Z1
BMW,Z-Reihe
BMW,Z3
BMW,Z3 M
BMW,Z4 M40i
Manufacturer,Model
BMW,i3
BMW,850
BMW,i7
BMW,i8
BMW,i5
BMW,iX1
BMW,iX
BMW,iX2
BMW,840
BMW,i4
BMW,2002
BMW,iX3
Manufacturer,Model
Manufacturer,Model
Brilliance,BC3
Brilliance,BS6
Brilliance,BS4
Brilliance,BS2
Manufacturer,Model
Bugatti,Veyron
Bugatti,EB 110
Bugatti,Chiron
Manufacturer,Model
Buick,Le Sabre
Buick,Electra
Buick,Regal
Buick,Century
Buick,Park Avenue
Buick,Roadmaster
Buick,Riviera
Buick,Enclave
Buick,Skylark
Buick,La Crosse
Manufacturer,Model
BYD,ATTO 2
BYD,SEAL U
BYD,ATTO 3
BYD,SEAL
BYD,ETP 3
BYD,HAN
BYD,SEALION 7
BYD,DOLPHIN
BYD,TANG
Manufacturer,Model
Cadillac,SRX
Cadillac,CT5
Cadillac,XT4
Cadillac,XT5
Cadillac,Allante
Cadillac,Seville
Cadillac,STS
Cadillac,XLR
Cadillac,XT6
Cadillac,Fleetwood
Cadillac,BLS
Cadillac,ATS
Cadillac,Deville
Cadillac,CTS
Cadillac,Escalade
Cadillac,CT6
Cadillac,Eldorado
Manufacturer,Model
Manufacturer,Model
Manufacturer,Model
Manufacturer,Model
Manufacturer,Model
Chevrolet,C1500
Chevrolet,Aveo
Chevrolet,Alero
Chevrolet,Spark
Chevrolet,Nubira
Chevrolet,Epica
Chevrolet,El Camino
Chevrolet,Lumina
Chevrolet,Caprice
Chevrolet,2500
Chevrolet,Blazer
Chevrolet,Cavalier
Chevrolet,K1500
Chevrolet,Matiz
Chevrolet,Lacetti
Chevrolet,Express
Chevrolet,Volt
Chevrolet,Corsica
Chevrolet,Beretta
Chevrolet,K30
Chevrolet,HHR
Chevrolet,Astro
Chevrolet,Citation
Chevrolet,Chevy Van
Chevrolet,Impala
Chevrolet,Colorado
Chevrolet,Suburban
Chevrolet,Trailblazer
Chevrolet,Evanda
Chevrolet,Silverado
Chevrolet,Trax
Chevrolet,Camaro
Chevrolet,Kalos
Chevrolet,G
Chevrolet,Niva
Chevrolet,Captiva
Chevrolet,Chevelle
Chevrolet,Venture
Chevrolet,Malibu
Chevrolet,Tahoe
Chevrolet,Avalanche
Chevrolet,Orlando
Chevrolet,SSR
Chevrolet,Trans Sport
Chevrolet,Traverse
Chevrolet,Rezzo
Chevrolet,Cruze
Chevrolet,S-10
Manufacturer,Model
Chrysler,Grand Voyager
Chrysler,New Yorker
Chrysler,300 M
Chrysler,Aspen
Chrysler,Stratus
Chrysler,Crossfire
Chrysler,Le Baron
Chrysler,Vision
Chrysler,Voyager
Chrysler,Viper
Chrysler,Daytona
Chrysler,Saratoga
Chrysler,GTS
Chrysler,Pacifica
Chrysler,200
Chrysler,PT Cruiser
Chrysler,Valiant
Chrysler,Sebring
Chrysler,Neon
Chrysler,GS
Chrysler,ES
Chrysler,Imperial
Chrysler,300C
Manufacturer,Model
Citroën,C4 Picasso
Citroën,DS5
Citroën,C1
Citroën,C5
Citroën,CX
Citroën,AMI
Citroën,Visa
Citroën,C3 Aircross
Citroën,C6
Citroën,Jumpy
Citroën,C5 X
Citroën,ë-C3
Citroën,C4 Aircross
Citroën,DS4
Citroën,Evasion
Citroën,C3 Picasso
Citroën,2 CV
Citroën,ë-C4 X
Citroën,DS3
Citroën,C4
Citroën,Grand C4 Picasso / SpaceTourer
Citroën,SM
Citroën,Xantia
Citroën,C3
Citroën,Berlingo
Citroën,Jumper
Citroën,ë-C4
Citroën,ë-C3 Aircross
Citroën,BX
Citroën,C-Crosser
Citroën,Xsara Picasso
Citroën,ZX
Citroën,C4 X
Citroën,C8
Citroën,Nemo
Citroën,ë-Berlingo
Citroën,Xsara
Citroën,GSA
Citroën,XM
Citroën,C-Elysée
Citroën,E-MEHARI
Citroën,SpaceTourer
Citroën,C4 SpaceTourer
Citroën,C5 Aircross
Citroën,C-Zero
Citroën,SAXO
Citroën,ë-Spacetourer
Citroën,DS
Citroën,C2
Citroën,C4 Cactus
Citroën,DS4 Crossback
Citroën,AX
Manufacturer,Model
Manufacturer,Model
Corvette,C3
Corvette,C1
Corvette,C6
Corvette,C5
Corvette,ZR 1
Corvette,Z06
Corvette,C2
Corvette,C7
Corvette,C4
Corvette,C8
Manufacturer,Model
Cupra,Born
Cupra,Terramar
Cupra,Formentor
Cupra,Tavascan
Cupra,Leon
Cupra,Arona
Cupra,Ibiza
Cupra,Ateca
Manufacturer,Model
Dacia,Pick Up
Dacia,Logan
Dacia,Bigster
Dacia,Sandero
Dacia,Spring
Dacia,Jogger
Dacia,Logan Pick-Up
Dacia,Lodgy
Dacia,Duster
Dacia,Dokker
Manufacturer,Model
Daewoo,Tacuma
Daewoo,Leganza
Daewoo,Rezzo
Daewoo,Lacetti
Daewoo,Evanda
Daewoo,Nubira
Daewoo,Kalos
Daewoo,Espero
Daewoo,Lanos
Daewoo,Matiz
Daewoo,Musso
Daewoo,Nexia
Daewoo,Korando
Manufacturer,Model
Daihatsu,Feroza/Sportrak
Daihatsu,Cuore
Daihatsu,Charade
Daihatsu,Hijet
Daihatsu,Sirion
Daihatsu,Gran Move
Daihatsu,Rocky/Fourtrak
Daihatsu,Terios
Daihatsu,YRV
Daihatsu,MATERIA
Daihatsu,Applause
Daihatsu,Copen
Daihatsu,TREVIS
Daihatsu,Move
Daihatsu,Freeclimber
Daihatsu,Charmant
Manufacturer,Model
Datsun,240Z
Manufacturer,Model
Manufacturer,Model
DeLorean,DMC-12
Manufacturer,Model
DeTomaso,Pantera
DeTomaso,Guarà
Manufacturer,Model
DFSK,Fengon
DFSK,Fengon 580
DFSK,Fengon 500
DFSK,Fengon 5
DFSK,Fengon 7
DFSK,Fengon 600
Manufacturer,Model
DFSK,Rich 6
DFSK,EC31
DFSK,K01
DFSK,Forthing 9
DFSK,Forthing 5
DFSK,Seres 5
DFSK,Glory
DFSK,EC35
DFSK,Seres 3
DFSK,Fengon E5
DFSK,Forthing 4
Manufacturer,Model
Dodge,Caliber
Dodge,Demon
Dodge,Journey
Dodge,Durango
Dodge,RAM
Dodge,Stealth
Dodge,Viper
Dodge,Grand Caravan
Dodge,Dart
Dodge,Dakota
Dodge,Avenger
Dodge,Challenger
Dodge,Neon
Dodge,Nitro
Dodge,Charger
Dodge,Hornet
Dodge,Coronet
Dodge,Magnum
Manufacturer,Model
Donkervoort,S7
Donkervoort,S8
Donkervoort,D8
Manufacturer,Model
DS Automobiles,DS7 (Crossback)
DS Automobiles,DS5
DS Automobiles,DS3 Crossback
DS Automobiles,Nº8
DS Automobiles,DS4
DS Automobiles,DS9
DS Automobiles,DS3
DS Automobiles,DS4 Crossback
Manufacturer,Model
e.GO,e.wave X
e.GO,Life
Manufacturer,Model
Manufacturer,Model
Manufacturer,Model
Manufacturer,Model
Ferrari,612
Ferrari,330
Ferrari,550
Ferrari,F430
Ferrari,Testarossa
Ferrari,308
Ferrari,348
Ferrari,LaFerrari
Ferrari,F40
Ferrari,Mondial
Ferrari,F12
Ferrari,Purosangue
Ferrari,Superamerica
Ferrari,812
Ferrari,GTC4Lusso
Ferrari,F50
Ferrari,208
Ferrari,360
Ferrari,275
Ferrari,488 GTB
Ferrari,246
Ferrari,488 Spider
Ferrari,Daytona
Ferrari,250
Ferrari,Roma
Ferrari,599 SA Aperta
Ferrari,599 GTO
Ferrari,328
Ferrari,512
Ferrari,599 GTB
Ferrari,296 GTS
Ferrari,456
Ferrari,F8
Ferrari,F355
Ferrari,Monza
Ferrari,Dino GT4
Ferrari,Enzo Ferrari
Ferrari,296 GTB
Ferrari,365
Ferrari,400
Ferrari,Portofino
Ferrari,FF
Ferrari,750
Ferrari,288
Ferrari,575
Ferrari,SF90
Ferrari,California
Ferrari,458
Ferrari,488 Pista
Ferrari,412
Manufacturer,Model
Fiat,500C
Fiat,124
Fiat,Bravo
Fiat,Seicento
Fiat,131
Fiat,500e
Fiat,500L Wagon
Fiat,600
Fiat,Strada
Fiat,Ulysse
Fiat,Coupe
Fiat,Fiorino
Fiat,500S
Fiat,Marea
Fiat,Ritmo
Fiat,Palio
Fiat,Cinquecento
Fiat,Albea
Fiat,Barchetta
Fiat,Dino
Fiat,Qubo
Fiat,Marengo
Fiat,Multipla
Fiat,Siena
Fiat,X 1/9
Fiat,Grande Panda
Fiat,600e
Fiat,Ducato
Fiat,Spider Europa
Fiat,Stilo
Fiat,Scudo
Fiat,500L
Fiat,Brava
Fiat,127
Fiat,500L Trekking
Fiat,Punto Evo
Fiat,Freemont
Fiat,500
Fiat,Doblo
Fiat,Topolino
Fiat,New Panda
Fiat,Croma
Fiat,124 Spider
Fiat,Tempra
Fiat,Regata
Fiat,500L Cross
Fiat,500L Living
Fiat,500X
Fiat,Idea
Fiat,Punto
Fiat,Tipo
Fiat,126
Fiat,Uno
Fiat,Fullback
Fiat,Talento
Fiat,500L Urban
Fiat,Sedici
Fiat,Panda
Fiat,Grande Punto
Fiat,Linea
Fiat,130
Manufacturer,Model
Fisker,Ocean
Fisker,Karma
Manufacturer,Model
Ford,Tourneo Courier
Ford,Tourneo
Ford,Tourneo Connect
Ford,Tourneo Custom
Manufacturer,Model
Ford,Transit Courier
Ford,Transit
Ford,Transit Custom
Ford,Transit Connect
Manufacturer,Model
Ford,Escort
Ford,Puma
Ford,Bronco
Ford,Galaxy
Ford,Capri
Ford,Orion
Ford,Probe
Ford,S-Max
Ford,Fiesta
Ford,Flex
Ford,B-Max
Ford,Cougar
Ford,Mustang Mach-E
Ford,Grand Tourneo
Ford,Sierra
Ford,Aerostar
Ford,F 350
Ford,Crown
Ford,Thunderbird
Ford,Maverick
Ford,Express
Ford,Focus
Ford,Grand C-Max
Ford,Ranger
Ford,Raptor
Ford,Escape
Ford,Expedition
Ford,F 100
Ford,Streetka
Ford,Scorpio
Ford,Falcon
Ford,Econovan
Ford,Kuga
Ford,Mercury
Ford,Econoline
Ford,Sportka
Ford,Mondeo
Ford,Excursion
Ford,Mustang
Ford,F 250
Ford,Granada
Ford,Fusion
Ford,F 150
Ford,Bronco Sport
Ford,Ka/Ka+
Ford,Taurus
Ford,Explorer
Ford,Taunus
Ford,Courier
Ford,C-Max
Ford,Puma Gen-E
Ford,GT
Ford,EcoSport
Ford,Fairlane
Ford,Edge
Ford,Windstar
Manufacturer,Model
Manufacturer,Model
Manufacturer,Model
Genesis,G70
Genesis,GV80
Genesis,G90
Genesis,GV60
Genesis,GV70
Genesis,G80
Manufacturer,Model
GMC,Safari
GMC,Savana
GMC,Sonoma
GMC,Terrain
GMC,Typhoon
GMC,Acadia
GMC,Yukon
GMC,Vandura
GMC,Envoy
GMC,Sierra
GMC,Syclone
Manufacturer,Model
Grecav,Sonique
Manufacturer,Model
GWM,Ora 07
GWM,Wey 05
GWM,Wey 03
GWM,Ora 03
Manufacturer,Model
Manufacturer,Model
Manufacturer,Model
Manufacturer,Model
Honda,Clarity
Honda,e:Ny1
Honda,Integra
Honda,Pilot
Honda,Legend
Honda,Prelude
Honda,S2000
Honda,HR-V
Honda,Ridgeline
Honda,CRX
Honda,CR-V
Honda,Accord
Honda,CR-Z
Honda,e
Honda,Insight
Honda,Concerto
Honda,ZR-V
Honda,Aerodeck
Honda,Stream
Honda,Shuttle
Honda,Logo
Honda,NSX
Honda,Element
Honda,FR-V
Honda,Jazz
Honda,Civic
Honda,Odyssey
Honda,City
Manufacturer,Model
Hongqi,H9
Hongqi,HS5
Hongqi,E-HS9
Manufacturer,Model
Manufacturer,Model
Hummer,H3
Hummer,H2
Hummer,H1
Manufacturer,Model
Hyundai,Lantra
Hyundai,IONIQ 9
Hyundai,Elantra
Hyundai,SONATA
Hyundai,KONA Elektro
Hyundai,Accent
Hyundai,BAYON
Hyundai,Genesis
Hyundai,i20
Hyundai,Coupe
Hyundai,Santamo
Hyundai,Matrix
Hyundai,NEXO
Hyundai,Veloster
Hyundai,Pony
Hyundai,Grandeur
Hyundai,XG 350
Hyundai,IONIQ 5
Hyundai,ix55
Hyundai,H350
Hyundai,STARIA
Hyundai,H-1
Hyundai,Grand Santa Fe
Hyundai,Galloper
Hyundai,i30
Hyundai,Terracan
Hyundai,ix35
Hyundai,S-Coupe
Hyundai,i40
Hyundai,IONIQ 6
Hyundai,KONA
Hyundai,Atos
Hyundai,i10
Hyundai,IONIQ
Hyundai,TUCSON
Hyundai,Getz
Hyundai,H 100
Hyundai,H 200
Hyundai,Excel
Hyundai,Veracruz
Hyundai,Azera
Hyundai,Trajet
Hyundai,H-1 Starex
Hyundai,SANTA FE
Hyundai,ix20
Hyundai,XG 30
Hyundai,INSTER
Manufacturer,Model
INEOS,Grenadier
Manufacturer,Model
Infiniti,EX35
Infiniti,M30
Infiniti,QX70
Infiniti,Q60
Infiniti,G35
Infiniti,M35
Infiniti,Q30
Infiniti,M37
Infiniti,EX37
Infiniti,Q70
Infiniti,EX30
Infiniti,Q45
Infiniti,QX56
Infiniti,FX
Infiniti,QX50
Infiniti,QX80
Infiniti,Q50
Infiniti,G37
Infiniti,QX30
Infiniti,QX60
Manufacturer,Model
Manufacturer,Model
Isuzu,Gemini
Isuzu,D-Max
Isuzu,PICK UP
Isuzu,Midi
Isuzu,Campo
Isuzu,Trooper
Manufacturer,Model
Iveco,Massif
Manufacturer,Model
JAC,8 Pro
Manufacturer,Model
Jaguar,XK
Jaguar,S-Type
Jaguar,XJ
Jaguar,X-Type
Jaguar,XJS
Jaguar,F-Pace
Jaguar,XJSC
Jaguar,XJ8
Jaguar,XKR
Jaguar,E-Pace
Jaguar,XJ6
Jaguar,XJ12
Jaguar,XF
Jaguar,XE
Jaguar,MK II
Jaguar,E-Type
Jaguar,XJR
Jaguar,I-Pace
Jaguar,Daimler
Jaguar,XK8
Jaguar,XJ40
Jaguar,F-Type
Manufacturer,Model
Jeep,Wagoneer
Jeep,Wrangler
Jeep,Cherokee
Jeep,Comanche
Jeep,Grand Cherokee
Jeep,Willys
Jeep,Renegade
Jeep,Commander
Jeep,Avenger
Jeep,CJ
Jeep,Gladiator
Jeep,Patriot
Jeep,Compass
Manufacturer,Model
Jiayuan,City Spirit
Manufacturer,Model
KGM,Rexton
KGM,Torres EVX
KGM,Torres
KGM,Tivoli
KGM,Musso Grand
KGM,Musso
KGM,Korando
KGM,Actyon
Manufacturer,Model
Kia,Elan
Kia,XCeed
Kia,Niro EV
Kia,cee'd Sportswagon
Kia,Pregio
Kia,Mini
Kia,Retona
Kia,Stinger
Kia,K2700
Kia,Venga
Kia,Optima
Kia,EV6
Kia,Magentis
Kia,Besta
Kia,Sportage
Kia,Opirus
Kia,Rocsta
Kia,Sorento
Kia,Clarus
Kia,Niro
Kia,Picanto
Kia,cee'd / Ceed
Kia,Stonic
Kia,EV9
Kia,Carens
Kia,K2500
Kia,Roadster
Kia,Leo
Kia,Mentor
Kia,Joice
Kia,Carnival
Kia,EV3
Kia,Pride
Kia,Borrego
Kia,Cerato
Kia,Shuma
Kia,Rio
Kia,Soul
Kia,Sephia
Kia,pro cee'd / ProCeed
Manufacturer,Model
Koenigsegg,CCXR
Koenigsegg,CCR
Koenigsegg,Agera
Manufacturer,Model
KTM,X-BOW
Manufacturer,Model
Lada,Nova
Lada,Granta
Lada,Samara
Lada,Aleko
Lada,Forma
Lada,Taiga
Lada,110
Lada,X-Ray
Lada,2111
Lada,111
Lada,2107
Lada,1200
Lada,Urban
Lada,Priora
Lada,2112
Lada,Niva
Lada,2110
Lada,112
Lada,Kalina
Lada,Vesta
Manufacturer,Model
Lamborghini,Aventador
Lamborghini,Revuelto
Lamborghini,Urus
Lamborghini,Diablo
Lamborghini,LM
Lamborghini,Countach
Lamborghini,Miura
Lamborghini,Gallardo
Lamborghini,Espada
Lamborghini,Huracán
Lamborghini,Jalpa
Lamborghini,Urraco
Lamborghini,Murciélago
Manufacturer,Model
Lancia,Beta
Lancia,Voyager
Lancia,Delta
Lancia,Zeta
Lancia,Kappa
Lancia,Flaminia
Lancia,Thema
Lancia,Thesis
Lancia,Gamma
Lancia,Ypsilon
Lancia,Phedra
Lancia,Fulvia
Lancia,Prisma
Lancia,Stratos
Lancia,Lybra
Lancia,Dedra
Lancia,MUSA
Lancia,Flavia
Manufacturer,Model
Land Rover,Range Rover
Land Rover,Freelander
Land Rover,Discovery Sport
Land Rover,Defender
Land Rover,Serie II
Land Rover,Discovery
Land Rover,Range Rover Sport
Land Rover,Range Rover Velar
Land Rover,Serie I
Land Rover,Range Rover Evoque
Land Rover,Serie III
Manufacturer,Model
Landwind,S
Landwind,CV-9
Landwind,SC4
Landwind,SC2
Manufacturer,Model
Leapmotor,C10
Leapmotor,T03
Manufacturer,Model
Manufacturer,Model
Lexus,ES 350
Lexus,ES 300
Lexus,ES-Serie
Lexus,ES 330
Manufacturer,Model
Lexus,GS 430
Lexus,GS 460
Lexus,GS F
Lexus,GS 300
Lexus,GS 350
Lexus,GS 450
Lexus,GS 250
Lexus,GS-Serie
Manufacturer,Model
Lexus,GX 470
Lexus,GX 550
Lexus,GX 460
Lexus,GX Series
Manufacturer,Model
Lexus,IS 220
Lexus,IS 250
Lexus,IS 300
Lexus,IS 350
Lexus,IS-Serie
Lexus,IS-F
Lexus,IS 200
Manufacturer,Model
Lexus,LS 500
Lexus,LS 600
Lexus,LS 400
Lexus,LS 430
Lexus,LS-Serie
Lexus,LS 460
Manufacturer,Model
Lexus,LX 570
Lexus,LX 500
Lexus,LX 470
Lexus,LX 450
Lexus,LX 600
Lexus,LX-Serie
Manufacturer,Model
Lexus,NX 450h
Lexus,NX 350h
Lexus,NX-Serie
Lexus,NX 200
Lexus,NX 300
Manufacturer,Model
Lexus,RC F
Lexus,RC 300
Lexus,RC-Serie
Lexus,RC 200
Lexus,RC 350
Manufacturer,Model
Lexus,RX 350
Lexus,RX-Serie
Lexus,RX 400
Lexus,RX 300
Lexus,RX 330
Lexus,RX 500
Lexus,RX 200
Lexus,RX 450
Manufacturer,Model
Lexus,LFA
Lexus,SC 430
Lexus,LM
Lexus,SC 400
Lexus,LC 500
Lexus,RZ
Lexus,LBX
Lexus,CT 200h
Lexus,UX
Lexus,LC 500h
Manufacturer,Model
Ligier,Nova
Ligier,JS 50 L
Ligier,Ambra
Ligier,JS RC
Ligier,JS 60
Ligier,Myli
Ligier,JS 50
Ligier,X - Too
Ligier,Optima
Ligier,Be Sun
Manufacturer,Model
Lincoln,Navigator
Lincoln,Mark
Lincoln,Continental
Lincoln,LS
Lincoln,Town Car
Lincoln,Aviator
Manufacturer,Model
Lotus,Elan
Lotus,Excel
Lotus,Super Seven
Lotus,Exige
Lotus,Elise
Lotus,Eletre
Lotus,Evora
Lotus,Europa
Lotus,Elite
Lotus,Cortina
Lotus,340 R
Lotus,Emeya
Lotus,Emira
Lotus,Esprit
Manufacturer,Model
Lucid,Air
Manufacturer,Model
Lynk&Co,08
Lynk&Co,02
Lynk&Co,01
Manufacturer,Model
Manufacturer,Model
MAN,TGE
Manufacturer,Model
Maserati,430
Maserati,Shamal
Maserati,GranCabrio
Maserati,MC20
Maserati,Gransport
Maserati,224
Maserati,Granturismo
Maserati,Karif
Maserati,424
Maserati,4200
Maserati,Indy
Maserati,Levante
Maserati,Quattroporte
Maserati,422
Maserati,228
Maserati,3200
Maserati,222
Maserati,420
Maserati,Ghibli
Maserati,Merak
Maserati,Biturbo
Maserati,MC12
Maserati,Spyder
Maserati,418
Maserati,Grecale
Manufacturer,Model
Maxus,T90
Maxus,Euniq 6
Maxus,eDeliver 9
Maxus,Euniq 5
Maxus,Deliver 9
Maxus,eDeliver 3
Maxus,Mifa 9
Manufacturer,Model
Maybach,57
Maybach,S650
Maybach,62
Maybach,Pullman
Manufacturer,Model
Mazda,Premacy
Mazda,6
Mazda,Protege
Mazda,3
Mazda,CX-9
Mazda,Millenia
Mazda,CX-80
Mazda,CX-7
Mazda,MX-3
Mazda,MX-30
Mazda,E series
Mazda,121
Mazda,6e
Mazda,Bongo
Mazda,Tribute
Mazda,CX-30
Mazda,RX-7
Mazda,BT-50
Mazda,RX-6
Mazda,2
Mazda,626
Mazda,CX-60
Mazda,CX-5
Mazda,RX-8
Mazda,B series
Mazda,2 Hybrid
Mazda,323
Mazda,Xedos
Mazda,MPV
Mazda,MX-5
Mazda,5
Mazda,929
Mazda,MX-6
Mazda,CX-3
Mazda,Demio
Manufacturer,Model
McLaren,570S
McLaren,620R
McLaren,765LT
McLaren,650S Spider
McLaren,720S
McLaren,570GT
McLaren,750S
McLaren,650S
McLaren,650S Coupé
McLaren,675LT
McLaren,P1
McLaren,540C
McLaren,Senna GTR
McLaren,Speedtail
McLaren,Artura
McLaren,Elva
McLaren,675LT Spider
McLaren,MP4-12C
McLaren,765
McLaren,GT
McLaren,600LT
Manufacturer,Model
Mercedes-Benz,A 160
Mercedes-Benz,A 170
Mercedes-Benz,A-Klasse
Mercedes-Benz,A 200
Mercedes-Benz,A 45 AMG
Mercedes-Benz,A 190
Mercedes-Benz,A 220
Mercedes-Benz,A 180
Mercedes-Benz,A 250
Mercedes-Benz,A 140
Mercedes-Benz,A 35 AMG
Mercedes-Benz,A 150
Mercedes-Benz,A 210
Manufacturer,Model
Mercedes-Benz,B Electric Drive
Mercedes-Benz,B 170
Mercedes-Benz,B 180
Mercedes-Benz,B-Klasse
Mercedes-Benz,B 160
Mercedes-Benz,B 150
Mercedes-Benz,B 200
Mercedes-Benz,B 220
Mercedes-Benz,B 250
Manufacturer,Model
Mercedes-Benz,CE 220
Mercedes-Benz,CE 200
Mercedes-Benz,CE 320
Mercedes-Benz,CE 230
Mercedes-Benz,CE 280
Mercedes-Benz,CE-Klasse
Mercedes-Benz,CE 300
Manufacturer,Model
Mercedes-Benz,C 240
Mercedes-Benz,C 270
Mercedes-Benz,C 400
Mercedes-Benz,C 350
Mercedes-Benz,C 160
Mercedes-Benz,C-Klasse
Mercedes-Benz,C 180
Mercedes-Benz,C 55 AMG
Mercedes-Benz,C 300
Mercedes-Benz,C 43 AMG
Mercedes-Benz,C 30 AMG
Mercedes-Benz,C 63 AMG
Mercedes-Benz,C 36 AMG
Mercedes-Benz,C 230
Mercedes-Benz,C 220
Mercedes-Benz,C 200
Mercedes-Benz,C 250
Mercedes-Benz,C 450 AMG
Mercedes-Benz,C 32 AMG
Mercedes-Benz,C 320
Mercedes-Benz,C 280
Manufacturer,Model
Mercedes-Benz,CLA 220
Mercedes-Benz,CLA 200 Shooting Brake
Mercedes-Benz,CLA 180
Mercedes-Benz,CLA 35 AMG
Mercedes-Benz,CLA 45 AMG
Mercedes-Benz,CLA 45 AMG Shooting Brake
Mercedes-Benz,CLA 35 AMG Shooting Brake
Mercedes-Benz,CLA Shooting Brake
Mercedes-Benz,CLA 200
Mercedes-Benz,CLA 180 Shooting Brake
Mercedes-Benz,CLA 220 Shooting Brake
Mercedes-Benz,CLA 350
Mercedes-Benz,CLA-Klasse
Mercedes-Benz,CLA 250 Shooting Brake
Mercedes-Benz,CLA 250
Manufacturer,Model
Mercedes-Benz,CLC 200
Mercedes-Benz,CLC 180
Mercedes-Benz,CLC-Klasse
Mercedes-Benz,CLC 220
Mercedes-Benz,CLC 250
Mercedes-Benz,CLC 350
Mercedes-Benz,CLC 230
Mercedes-Benz,CLC 160
Manufacturer,Model
Mercedes-Benz,CLE 220
Mercedes-Benz,CLE 53 AMG
Mercedes-Benz,CLE 200
Mercedes-Benz,CLE 450
Mercedes-Benz,CLE 300
Mercedes-Benz,CLE 180
Mercedes-Benz,CLE-Klasse
Manufacturer,Model
Mercedes-Benz,CLK 500
Mercedes-Benz,CLK 55 AMG
Mercedes-Benz,CLK 320
Mercedes-Benz,CLK 280
Mercedes-Benz,CLK-Klasse
Mercedes-Benz,CLK 220
Mercedes-Benz,CLK 270
Mercedes-Benz,CLK 350
Mercedes-Benz,CLK 430
Mercedes-Benz,CLK 240
Mercedes-Benz,CLK 63 AMG
Mercedes-Benz,CLK 230
Mercedes-Benz,CLK 200
Manufacturer,Model
Mercedes-Benz,CL 420
Mercedes-Benz,CL 600
Mercedes-Benz,CL 180
Mercedes-Benz,CL 230
Mercedes-Benz,CL 200
Mercedes-Benz,CL-Klasse
Mercedes-Benz,CL 220
Mercedes-Benz,CL 160
Mercedes-Benz,CL 65 AMG
Mercedes-Benz,CL 55 AMG
Mercedes-Benz,CL 63 AMG
Mercedes-Benz,CL 500
Mercedes-Benz,CL 320
Manufacturer,Model
Mercedes-Benz,CLS 500 Shooting Brake
Mercedes-Benz,CLS 280
Mercedes-Benz,CLS 500
Mercedes-Benz,CLS Shooting Brake
Mercedes-Benz,CLS-Klasse
Mercedes-Benz,CLS 350 Shooting Brake
Mercedes-Benz,CLS 250 Shooting Brake
Mercedes-Benz,CLS 63 AMG
Mercedes-Benz,CLS 320
Mercedes-Benz,CLS 450
Mercedes-Benz,CLS 55 AMG
Mercedes-Benz,CLS 250
Mercedes-Benz,CLS 53 AMG
Mercedes-Benz,CLS 220 Shooting Brake
Mercedes-Benz,CLS 400
Mercedes-Benz,CLS 63 AMG Shooting Brake
Mercedes-Benz,CLS 400 Shooting Brake
Mercedes-Benz,CLS 350
Mercedes-Benz,CLS 220
Mercedes-Benz,CLS 300
Manufacturer,Model
Mercedes-Benz,E 63 AMG
Mercedes-Benz,E 430
Mercedes-Benz,E 53 AMG
Mercedes-Benz,E 220
Mercedes-Benz,E 55 AMG
Mercedes-Benz,E 43 AMG
Mercedes-Benz,E 320
Mercedes-Benz,E 230
Mercedes-Benz,E 300
Mercedes-Benz,E 420
Mercedes-Benz,E 240
Mercedes-Benz,E 350
Mercedes-Benz,E 260
Mercedes-Benz,E 36 AMG
Mercedes-Benz,E 250
Mercedes-Benz,E 270
Mercedes-Benz,E 200
Mercedes-Benz,E 50
Mercedes-Benz,E 290
Mercedes-Benz,E 60 AMG
Mercedes-Benz,E 280
Mercedes-Benz,E 500
Mercedes-Benz,E 450
Mercedes-Benz,E 400
Mercedes-Benz,E-Klasse
Manufacturer,Model
Mercedes-Benz,G 65 AMG
Mercedes-Benz,G 55 AMG
Mercedes-Benz,G 280
Mercedes-Benz,G 250
Mercedes-Benz,G 63 AMG
Mercedes-Benz,G 300
Mercedes-Benz,G 270
Mercedes-Benz,G 450
Mercedes-Benz,G 240
Mercedes-Benz,G 230
Mercedes-Benz,G 320
Mercedes-Benz,G 350
Mercedes-Benz,G 400
Mercedes-Benz,G 580
Mercedes-Benz,G 500
Mercedes-Benz,G 290
Mercedes-Benz,G-Klasse
Manufacturer,Model
Mercedes-Benz,GLA 35 AMG
Mercedes-Benz,GLA-Klasse
Mercedes-Benz,GLA 200
Mercedes-Benz,GLA 220
Mercedes-Benz,GLA 180
Mercedes-Benz,GLA 45 AMG
Mercedes-Benz,GLA 250
Manufacturer,Model
Mercedes-Benz,GLB-Klasse
Mercedes-Benz,GLB 180
Mercedes-Benz,GLB 250
Mercedes-Benz,GLB 200
Mercedes-Benz,GLB 220
Mercedes-Benz,GLB 35 AMG
Manufacturer,Model
Mercedes-Benz,GLC 450
Mercedes-Benz,GLC 200
Mercedes-Benz,GLC 43 AMG
Mercedes-Benz,GLC 250
Mercedes-Benz,GLC 400
Mercedes-Benz,GLC 300
Mercedes-Benz,GLC 63 AMG
Mercedes-Benz,GLC-Klasse
Mercedes-Benz,GLC 220
Mercedes-Benz,GLC 350
Manufacturer,Model
Mercedes-Benz,GLE 400
Mercedes-Benz,GLE 43 AMG
Mercedes-Benz,GLE-Klasse
Mercedes-Benz,GLE 450
Mercedes-Benz,GLE 500
Mercedes-Benz,GLE 580
Mercedes-Benz,GLE 63 AMG
Mercedes-Benz,GLE 300
Mercedes-Benz,GLE 350
Mercedes-Benz,GLE 53 AMG
Mercedes-Benz,GLE 250
Manufacturer,Model
Mercedes-Benz,GLK 280
Mercedes-Benz,GLK 350
Mercedes-Benz,GLK 320
Mercedes-Benz,GLK 220
Mercedes-Benz,GLK 300
Mercedes-Benz,GLK 200
Mercedes-Benz,GLK-Klasse
Mercedes-Benz,GLK 250
Manufacturer,Model
Mercedes-Benz,GL 55 AMG
Mercedes-Benz,GL-Klasse
Mercedes-Benz,GL 450
Mercedes-Benz,GL 400
Mercedes-Benz,GL 63 AMG
Mercedes-Benz,GL 420
Mercedes-Benz,GL 350
Mercedes-Benz,GL 320
Mercedes-Benz,GL 500
Manufacturer,Model
Mercedes-Benz,GLS 400
Mercedes-Benz,GLS 600
Mercedes-Benz,GLS 450
Mercedes-Benz,GLS 350
Mercedes-Benz,GLS-Klasse
Mercedes-Benz,GLS 63
Mercedes-Benz,GLS 580
Mercedes-Benz,GLS 500
Manufacturer,Model
Mercedes-Benz,AMG GT R
Mercedes-Benz,AMG GT S
Mercedes-Benz,GT-Klasse
Mercedes-Benz,AMG GT C
Mercedes-Benz,AMG GT
Manufacturer,Model
Mercedes-Benz,ML 280
Mercedes-Benz,ML 250
Mercedes-Benz,ML 350
Mercedes-Benz,ML 400
Mercedes-Benz,ML 450
Mercedes-Benz,ML 55 AMG
Mercedes-Benz,ML 320
Mercedes-Benz,ML 230
Mercedes-Benz,ML 430
Mercedes-Benz,ML 270
Mercedes-Benz,ML 500
Mercedes-Benz,ML-Klasse
Mercedes-Benz,ML 300
Mercedes-Benz,ML 63 AMG
Mercedes-Benz,ML 420
Manufacturer,Model
Mercedes-Benz,R 63 AMG
Mercedes-Benz,R 300
Mercedes-Benz,R-Klasse
Mercedes-Benz,R 320
Mercedes-Benz,R 280
Mercedes-Benz,R 350
Mercedes-Benz,R 500
Manufacturer,Model
Mercedes-Benz,S 260
Mercedes-Benz,S 63 AMG
Mercedes-Benz,S 500
Mercedes-Benz,S 300
Mercedes-Benz,S 560
Mercedes-Benz,S 350
Mercedes-Benz,S 420
Mercedes-Benz,S-Klasse
Mercedes-Benz,S 250
Mercedes-Benz,S 400
Mercedes-Benz,S 280
Mercedes-Benz,S 320
Mercedes-Benz,S 600
Mercedes-Benz,S 680
Mercedes-Benz,S 65 AMG
Mercedes-Benz,S 650
Mercedes-Benz,S 430
Mercedes-Benz,S 580
Mercedes-Benz,S 450
Mercedes-Benz,S 550
Mercedes-Benz,S 55
Manufacturer,Model
Mercedes-Benz,SLC 300
Mercedes-Benz,SLC 180
Mercedes-Benz,SLC 280
Mercedes-Benz,SLC 43 AMG
Mercedes-Benz,SLC 250
Mercedes-Benz,SLC 200
Mercedes-Benz,SLC-Klasse
Manufacturer,Model
Mercedes-Benz,SLK 250
Mercedes-Benz,SLK 230
Mercedes-Benz,SLK 55 AMG
Mercedes-Benz,SLK 32 AMG
Mercedes-Benz,SLK 320
Mercedes-Benz,SLK 200
Mercedes-Benz,SLK 300
Mercedes-Benz,SLK-Klasse
Mercedes-Benz,SLK 280
Mercedes-Benz,SLK 350
Manufacturer,Model
Mercedes-Benz,SL 43 AMG
Mercedes-Benz,SL 560
Mercedes-Benz,SL 55 AMG
Mercedes-Benz,SL 65 AMG
Mercedes-Benz,SL 63 AMG
Mercedes-Benz,SL 350
Mercedes-Benz,SL 500
Mercedes-Benz,SL 400
Mercedes-Benz,SL-Klasse
Mercedes-Benz,SL 70 AMG
Mercedes-Benz,SL 250
Mercedes-Benz,SL 680
Mercedes-Benz,SL 420
Mercedes-Benz,SL 450
Mercedes-Benz,SL 230
Mercedes-Benz,SL 380
Mercedes-Benz,SL 60 AMG
Mercedes-Benz,SL 280
Mercedes-Benz,SL 73 AMG
Mercedes-Benz,SL 320
Mercedes-Benz,SL 300
Mercedes-Benz,SL 600
Manufacturer,Model
Mercedes-Benz,V 220
Mercedes-Benz,V 250
Mercedes-Benz,V-Klasse
Mercedes-Benz,V 300
Mercedes-Benz,V 200
Mercedes-Benz,V 230
Mercedes-Benz,V 280
Manufacturer,Model
Mercedes-Benz,X 250
Mercedes-Benz,X-Klasse
Mercedes-Benz,X 220
Mercedes-Benz,X 350
Manufacturer,Model
Mercedes-Benz,MB 100
Mercedes-Benz,560
Mercedes-Benz,380
Mercedes-Benz,EQS
Mercedes-Benz,eCitan
Mercedes-Benz,EQA
Mercedes-Benz,600
Mercedes-Benz,EQE SUV
Mercedes-Benz,260
Mercedes-Benz,280
Mercedes-Benz,300
Mercedes-Benz,350
Mercedes-Benz,EQC
Mercedes-Benz,Vario
Mercedes-Benz,EQT
Mercedes-Benz,eVito
Mercedes-Benz,EQV
Mercedes-Benz,EQE
Mercedes-Benz,240
Mercedes-Benz,eSprinter
Mercedes-Benz,SLS AMG
Mercedes-Benz,416
Mercedes-Benz,270
Mercedes-Benz,EQB
Mercedes-Benz,320
Mercedes-Benz,250
Mercedes-Benz,190
Mercedes-Benz,SLR
Mercedes-Benz,200
Mercedes-Benz,290
Mercedes-Benz,420
Mercedes-Benz,T-Klasse
Mercedes-Benz,Citan
Mercedes-Benz,500
Mercedes-Benz,EQS SUV
Mercedes-Benz,220
Mercedes-Benz,Viano
Mercedes-Benz,Vito
Mercedes-Benz,230
Mercedes-Benz,Vaneo
Mercedes-Benz,450
Mercedes-Benz,400
Mercedes-Benz,Sprinter
Manufacturer,Model
Manufacturer,Model
MG,ZR
MG,Marvel R
MG,MG5
MG,MG3
MG,ZT
MG,TF
MG,HS
MG,MGA
MG,TD
MG,ZS
MG,Midget
MG,MGB
MG,Montego
MG,EHS
MG,MGF
MG,MG4
MG,Cyberster
MG,S5
Manufacturer,Model
Microcar,DUÈ
Microcar,Virgo
Microcar,M-8
Microcar,Flex
Microcar,M.Go
Microcar,MC2
Microcar,MC1
Manufacturer,Model
Microlino,Pioneer
Microlino,Competizione
Microlino,Dolce
Manufacturer,Model
MINI,One Cabrio
MINI,Cooper D Cabrio
MINI,Cooper SD Cabrio
MINI,Cooper S Cabrio
MINI,Cabrio Serie
MINI,Cooper Cabrio
MINI,John Cooper Works Cabrio
Manufacturer,Model
MINI,Cooper Clubman
MINI,One Clubman
MINI,Cooper S Clubman
MINI,Cooper SD Clubman
MINI,One D Clubman
MINI,Cooper D Clubman
MINI,Clubman Serie
MINI,John Cooper Works Clubman
Manufacturer,Model
MINI,Cooper D Countryman
MINI,Cooper S Countryman
MINI,Cooper SD Countryman
MINI,Cooper SE Countryman
MINI,Countryman Serie
MINI,John Cooper Works Countryman
MINI,One D Countryman
MINI,Cooper E Countryman
MINI,Cooper C Countryman
MINI,Cooper Countryman
MINI,One Countryman
Manufacturer,Model
MINI,Cooper SD Coupé
MINI,Cooper Coupé
MINI,John Cooper Works Coupé
MINI,Cooper S Coupé
MINI,Coupe Serie
Manufacturer,Model
MINI,1000
MINI,Cooper SD
MINI,John Cooper Works
MINI,One First
MINI,One D
MINI,MINI
MINI,1300
MINI,Cooper S
MINI,Cooper E
MINI,ONE
MINI,Cooper D
MINI,Cooper SE
MINI,Cooper
MINI,Cooper C
Manufacturer,Model
MINI,Cooper S Paceman
MINI,Cooper D Paceman
MINI,Paceman Serie
MINI,Cooper SD Paceman
MINI,John Cooper Works Paceman
MINI,Cooper Paceman
Manufacturer,Model
MINI,Roadster Serie
MINI,Cooper S Roadster
MINI,John Cooper Works Roadster
MINI,Cooper SD Roadster
MINI,Cooper Roadster
Manufacturer,Model
MINI,Aceman
MINI,Clubvan
Manufacturer,Model
Mitsubishi,Eclipse
Mitsubishi,Sigma
Mitsubishi,Pick-up
Mitsubishi,Eclipse Cross
Mitsubishi,Tredia
Mitsubishi,Starion
Mitsubishi,i-MiEV
Mitsubishi,Pajero Pinin
Mitsubishi,Santamo
Mitsubishi,Lancer
Mitsubishi,Colt
Mitsubishi,Galant
Mitsubishi,Space Star
Mitsubishi,L400
Mitsubishi,Outlander
Mitsubishi,Grandis
Mitsubishi,Galloper
Mitsubishi,Diamante
Mitsubishi,Carisma
Mitsubishi,ASX
Mitsubishi,L200
Mitsubishi,Canter
Mitsubishi,Pajero
Mitsubishi,Space Runner
Mitsubishi,Cosmos
Mitsubishi,Mirage
Mitsubishi,Plug-in Hybrid Outlander
Mitsubishi,L300
Mitsubishi,3000 GT
Mitsubishi,Montero
Mitsubishi,Space Gear
Mitsubishi,Sapporo
Mitsubishi,Cordia
Mitsubishi,Space Wagon
Manufacturer,Model
Morgan,Plus 8
Morgan,4/4
Morgan,Aero 8
Morgan,Roadster
Morgan,Plus 4
Morgan,Plus 6
Morgan,3 Wheeler
Manufacturer,Model
NIO,ET7
NIO,EL8
NIO,ET5
NIO,EL7
NIO,EL6
Manufacturer,Model
Nissan,Urvan
Nissan,Sunny
Nissan,Maxima
Nissan,Skyline
Nissan,Almera
Nissan,Pixo
Nissan,370Z
Nissan,e-NV200
Nissan,Navara
Nissan,Primera
Nissan,Altima
Nissan,PickUp
Nissan,Laurel
Nissan,NV300
Nissan,King Cab
Nissan,Kubistar
Nissan,Prairie
Nissan,Patrol
Nissan,Vanette
Nissan,Serena
Nissan,Leaf
Nissan,Sentra
Nissan,NV250
Nissan,280 ZX
Nissan,240 SX
Nissan,Cube
Nissan,Qashqai
Nissan,350Z
Nissan,Bluebird
Nissan,Ariya
Nissan,Pulsar
Nissan,Almera Tino
Nissan,Micra
Nissan,Qashqai+2
Nissan,Cargo
Nissan,NV400
Nissan,Note
Nissan,NP 300
Nissan,Cherry
Nissan,Cabstar
Nissan,100 NX
Nissan,X-Trail
Nissan,200 SX
Nissan,Evalia
Nissan,GT-R
Nissan,Quest
Nissan,Primastar
Nissan,Armada
Nissan,Townstar
Nissan,Trade
Nissan,Pathfinder
Nissan,300 ZX
Nissan,NV200
Nissan,Juke
Nissan,Interstar
Nissan,Terrano
Nissan,Titan
Nissan,Tiida
Nissan,Silvia
Nissan,Frontier
Nissan,Murano
Manufacturer,Model
Manufacturer,Model
Oldsmobile,Cutlass
Oldsmobile,Toronado
Oldsmobile,Delta 88
Oldsmobile,Bravada
Oldsmobile,Silhouette
Oldsmobile,Supreme
Oldsmobile,Custom Cruiser
Manufacturer,Model
Opel,Frontera
Opel,Nova
Opel,Arena
Opel,Commodore
Opel,Agila
Opel,Ampera
Opel,Ampera-e
Opel,Campo
Opel,Zafira Tourer
Opel,Cavalier
Opel,Monterey
Opel,Astra
Opel,Ascona
Opel,Crossland (X)
Opel,Insignia CT
Opel,Combo
Opel,Antara
Opel,Manta
Opel,Corsa
Opel,Calibra
Opel,Movano
Opel,Tigra
Opel,Meriva
Opel,Combo Life
Opel,Combo Electric
Opel,Sintra
Opel,Signum
Opel,Karl
Opel,Vectra
Opel,Omega
Opel,Mokka
Opel,Zafira
Opel,Rekord
Opel,Kadett
Opel,Diplomat
Opel,Astra Electric
Opel,Mokka-e
Opel,Speedster
Opel,Zafira Electric
Opel,Monza
Opel,Cascada
Opel,Mokka X
Opel,Zafira Life
Opel,Pick Up Sportscap
Opel,GT
Opel,Senator
Opel,Vivaro
Opel,Insignia
Opel,Rocks-e
Opel,Grandland (X)
Opel,Adam
Manufacturer,Model
ORA,Funky Cat
Manufacturer,Model
Manufacturer,Model
Pagani,Zonda
Pagani,Huayra
Manufacturer,Model
Peugeot,Partner
Peugeot,4007
Peugeot,TePee
Peugeot,2008
Peugeot,Expert
Peugeot,5008
Peugeot,J5
Peugeot,204
Peugeot,308
Peugeot,508
Peugeot,e-Rifter
Peugeot,807
Peugeot,504
Peugeot,408
Peugeot,e-208
Peugeot,208
Peugeot,107
Peugeot,306
Peugeot,406
Peugeot,1007
Peugeot,Rifter
Peugeot,305
Peugeot,309
Peugeot,106
Peugeot,604
Peugeot,607
Peugeot,104
Peugeot,806
Peugeot,iOn
Peugeot,505
Peugeot,Traveller
Peugeot,205
Peugeot,Partner Tepee
Peugeot,Expert Tepee
Peugeot,207
Peugeot,Bipper
Peugeot,Boxer
Peugeot,405
Peugeot,304
Peugeot,404
Peugeot,4008
Peugeot,108
Peugeot,301
Peugeot,307
Peugeot,407
Peugeot,605
Peugeot,Bipper Tepee
Peugeot,206
Peugeot,3008
Peugeot,RCZ
Peugeot,e-Traveller
Manufacturer,Model
Piaggio,Porter
Piaggio,APE
Piaggio,APE TM
Manufacturer,Model
Plymouth,Prowler
Manufacturer,Model
Polestar,1
Polestar,4
Polestar,3
Polestar,2
Manufacturer,Model
Pontiac,Grand-Am
Pontiac,Grand-Prix
Pontiac,G6
Pontiac,Montana
Pontiac,Bonneville
Pontiac,Sunfire
Pontiac,Targa
Pontiac,Trans Am
Pontiac,Fiero
Pontiac,Trans Sport
Pontiac,Sunbird
Pontiac,GTO
Pontiac,Solstice
Pontiac,Firebird
Pontiac,Vibe
Pontiac,6000
Manufacturer,Model
Porsche,930
Porsche,991
Porsche,997
Porsche,996
Porsche,992
Porsche,964
Porsche,993
Porsche,911er Reihe
Porsche,911 Urmodell
Manufacturer,Model
Porsche,356
Porsche,944
Porsche,962
Porsche,Cayenne
Porsche,Macan
Porsche,Panamera
Porsche,Taycan
Porsche,Cayman
Porsche,924
Porsche,928
Porsche,918
Porsche,Carrera GT
Porsche,914
Porsche,959
Porsche,912
Porsche,968
Porsche,Boxster
Manufacturer,Model
Proton,300 Serie
Proton,400 Serie
Manufacturer,Model
Renault,Latitude
Renault,Grand Modus
Renault,Austral
Renault,ZOE
Renault,Megane
Renault,Scenic E-TECH
Renault,Talisman
Renault,R 9
Renault,Laguna
Renault,P 1400
Renault,Coupe
Renault,Fuego
Renault,Alpine A110
Renault,R 25
Renault,Wind
Renault,Espace
Renault,R 5
Renault,Master
Renault,Spider
Renault,Express
Renault,Grand Kangoo E-TECH
Renault,Grand Kangoo
Renault,Twingo
Renault,Kadjar
Renault,Arkana
Renault,Symbioz
Renault,Grand Espace
Renault,R 30
Renault,Kangoo
Renault,Clio
Renault,Scenic
Renault,Mascott
Renault,R 21
Renault,Vel Satis
Renault,Alpine A310
Renault,Captur
Renault,Avantime
Renault,Safrane
Renault,Rapid
Renault,Twizy
Renault,R 19
Renault,Fluence
Renault,R 14
Renault,R 20
Renault,Koleos
Renault,Megane E-TECH
Renault,R 6
Renault,Alaskan
Renault,Rafale
Renault,Trafic
Renault,R 18
Renault,R 4
Renault,R 11
Renault,Kangoo E-TECH
Renault,Grand Scenic
Renault,Modus
Renault,Alpine V6
Manufacturer,Model
Manufacturer,Model
Rolls-Royce,Wraith
Rolls-Royce,Park Ward
Rolls-Royce,Silver Shadow
Rolls-Royce,Silver Seraph
Rolls-Royce,Flying Spur
Rolls-Royce,Silver Spirit
Rolls-Royce,Spectre
Rolls-Royce,Cullinan
Rolls-Royce,Phantom
Rolls-Royce,Silver Dawn
Rolls-Royce,Ghost
Rolls-Royce,Silver Spur
Rolls-Royce,Corniche
Rolls-Royce,Silver Cloud
Rolls-Royce,Dawn
Manufacturer,Model
Rover,115
Rover,Metro
Rover,623
Rover,114
Rover,414
Rover,213
Rover,45
Rover,600
Rover,75
Rover,618
Rover,100
Rover,111
Rover,800
Rover,820
Rover,214
Rover,416
Rover,Montego
Rover,216
Rover,City Rover
Rover,200
Rover,420
Rover,25
Rover,Streetwise
Rover,825
Rover,218
Rover,220
Rover,SD
Rover,620
Rover,827
Rover,400
Rover,418
Manufacturer,Model
Manufacturer,Model
Saab,9000
Saab,9-3
Saab,9-5
Saab,9-7X
Saab,9-4X
Saab,90
Saab,900
Saab,96
Saab,99
Manufacturer,Model
Manufacturer,Model
Seat,Altea
Seat,Alhambra
Seat,Exeo
Seat,Inca
Seat,Malaga
Seat,Marbella
Seat,Tarraco
Seat,Leon
Seat,Arona
Seat,Terra
Seat,Cordoba
Seat,Arosa
Seat,Ibiza
Seat,Mii
Seat,Toledo
Seat,Ateca
Manufacturer,Model
Seres,5
Seres,3
Manufacturer,Model
Silence,S04
Manufacturer,Model
Manufacturer,Model
Skoda,Pick-up
Skoda,135
Skoda,Praktik
Skoda,Favorit
Skoda,Yeti
Skoda,Citigo
Skoda,Roomster
Skoda,Kodiaq
Skoda,Octavia
Skoda,Superb
Skoda,Karoq
Skoda,105
Skoda,Rapid
Skoda,Kamiq
Skoda,Enyaq
Skoda,Forman
Skoda,Scala
Skoda,Fabia
Skoda,120
Skoda,Felicia
Skoda,Elroq
Skoda,130
Manufacturer,Model
Smart,Crossblade
Smart,#3
Smart,Roadster
Smart,#5
Smart,ForTwo
Smart,ForFour
Smart,#1
Manufacturer,Model
Manufacturer,Model
Spyker,C8 AILERON
Spyker,C8 SPYDER SWB
Spyker,C8
Spyker,C8 LAVIOLETTE SWB
Spyker,C8 DOUBLE 12 S
Manufacturer,Model
Ssangyong,REXTON
Ssangyong,Rodius
Ssangyong,MUSSO
Ssangyong,Kyron
Ssangyong,Torres
Ssangyong,Family
Ssangyong,Tivoli
Ssangyong,XLV
Ssangyong,Korando
Ssangyong,Actyon
Manufacturer,Model
Manufacturer,Model
Subaru,Justy
Subaru,Solterra
Subaru,Trezia
Subaru,XV
Subaru,Vivio
Subaru,SVX
Subaru,BRZ
Subaru,Baja
Subaru,Crosstrek
Subaru,Tribeca
Subaru,WRX STI
Subaru,Libero
Subaru,B9 Tribeca
Subaru,Legacy
Subaru,Impreza
Subaru,Forester
Subaru,Levorg
Subaru,Outback
Subaru,XT
Manufacturer,Model
Suzuki,Kizashi
Suzuki,Splash
Suzuki,Celerio
Suzuki,LJ
Suzuki,Swace
Suzuki,Swift
Suzuki,iK-2
Suzuki,Across
Suzuki,Carry
Suzuki,Cappuccino
Suzuki,Alto
Suzuki,Liana
Suzuki,Jimny
Suzuki,Grand Vitara
Suzuki,(SX4) S-Cross
Suzuki,X-90
Suzuki,SJ Samurai
Suzuki,Baleno
Suzuki,Vitara
Suzuki,Super-Carry
Suzuki,Wagon R+
Suzuki,SX4
Suzuki,Ignis
Manufacturer,Model
SWM,G01
SWM,G03
SWM,G05
Manufacturer,Model
Talbot,Samba
Talbot,Horizon
Manufacturer,Model
Tata,Indigo
Tata,Telcoline
Tata,Telcosport
Tata,Safari
Tata,Sumo
Tata,Nano
Tata,Indica
Tata,Xenon
Manufacturer,Model
Manufacturer,Model
Tesla,Model S
Tesla,Model X
Tesla,Model 3
Tesla,Roadster
Tesla,Model Y
Manufacturer,Model
Toyota,Fortuner
Toyota,Sequoia
Toyota,Camry
Toyota,Dyna
Toyota,Prius+
Toyota,GR86
Toyota,Verso
Toyota,Corolla Verso
Toyota,Matrix
Toyota,Picnic
Toyota,C-HR
Toyota,IQ
Toyota,Previa
Toyota,Avensis
Toyota,Urban Cruiser
Toyota,bZ4X
Toyota,Avensis Verso
Toyota,Crown
Toyota,Proace (Verso)
Toyota,Proace Verso Electric
Toyota,4-Runner
Toyota,Paseo
Toyota,Tacoma
Toyota,Lite-Ace
Toyota,Corolla Cross
Toyota,Avalon
Toyota,Highlander
Toyota,Carina
Toyota,RAV 4
Toyota,Prius
Toyota,Proace Max
Toyota,GT86
Toyota,MR 2
Toyota,Starlet
Toyota,Verso-S
Toyota,Corolla
Toyota,Land Cruiser
Toyota,Mirai
Toyota,Sienna
Toyota,Hilux
Toyota,Auris
Toyota,Yaris
Toyota,Proace City
Toyota,Celica
Toyota,Cressida
Toyota,Supra
Toyota,FJ
Toyota,Hiace
Toyota,Tundra
Toyota,Tercel
Toyota,Aygo (X)
Toyota,Yaris Cross
Toyota,Alphard
Toyota,Auris Touring Sports
Toyota,FCV
Manufacturer,Model
Trabant,601
Manufacturer,Model
Triumph,TR3
Triumph,TR6
Triumph,TR7
Triumph,TR5
Triumph,Dolomite
Triumph,TR4
Triumph,TR8
Triumph,Moss
Triumph,Spitfire
Manufacturer,Model
TVR,Tuscan
TVR,Chimaera
TVR,Griffith
Manufacturer,Model
Manufacturer,Model
Manufacturer,Model
VinFast,VF7
VinFast,VF6
VinFast,VF9
VinFast,VF8
Manufacturer,Model
Volkswagen,Golf
Volkswagen,Golf Plus
Volkswagen,Golf Sportsvan
Manufacturer,Model
Volkswagen,Passat CC
Volkswagen,Passat
Volkswagen,Passat Variant
Volkswagen,Passat Alltrack
Manufacturer,Model
Volkswagen,T3 Multivan
Volkswagen,T3 Caravelle
Volkswagen,T3
Volkswagen,T3 Kombi
Volkswagen,T3 andere
Manufacturer,Model
Volkswagen,T4 Multivan
Volkswagen,T4 Caravelle
Volkswagen,T4 Kombi
Volkswagen,T4 California
Volkswagen,T4 andere
Volkswagen,T4
Manufacturer,Model
Volkswagen,T5 andere
Volkswagen,T5 Multivan
Volkswagen,T5 California
Volkswagen,T5 Transporter
Volkswagen,T5 Kombi
Volkswagen,T5
Volkswagen,T5 Caravelle
Volkswagen,T5 Shuttle
Manufacturer,Model
Volkswagen,T6 Transporter
Volkswagen,T6 Kombi
Volkswagen,T6 Multivan
Volkswagen,T6 California
Volkswagen,T6 Caravelle
Volkswagen,T6 andere
Volkswagen,T6
Manufacturer,Model
Volkswagen,T7
Volkswagen,T7 Transporter
Volkswagen,T7 Caravelle
Volkswagen,T7 California
Volkswagen,T7 Multivan
Volkswagen,T7 other
Volkswagen,T7 Kombi
Manufacturer,Model
Volkswagen,XL1
Volkswagen,Tiguan Allspace
Volkswagen,Beetle
Volkswagen,Phaeton
Volkswagen,Tayron
Volkswagen,Corrado
Volkswagen,T1
Volkswagen,LT
Volkswagen,Taro
Volkswagen,CC
Volkswagen,Arteon
Volkswagen,Lupo
Volkswagen,Routan
Volkswagen,e-up!
Volkswagen,Tiguan
Volkswagen,Amarok
Volkswagen,Bora
Volkswagen,181
Volkswagen,New Beetle
Volkswagen,Polo
Volkswagen,Crafter
Volkswagen,Taigo
Volkswagen,Eos
Volkswagen,ID. Buzz
Volkswagen,Buggy
Volkswagen,ID.7
Volkswagen,Caddy Maxi
Volkswagen,Touran
Volkswagen,up!
Volkswagen,Fox
Volkswagen,ID.6
Volkswagen,Santana
Volkswagen,ID.3
Volkswagen,Jetta
Volkswagen,T-Roc
Volkswagen,Sharan
Volkswagen,T2
Volkswagen,ID.5
Volkswagen,Käfer
Volkswagen,Scirocco
Volkswagen,T-Cross
Volkswagen,Caddy
Volkswagen,Vento
Volkswagen,Iltis
Volkswagen,ID.4
Volkswagen,Karmann Ghia
Volkswagen,Touareg
Manufacturer,Model
Volvo,440
Volvo,V50
Volvo,S60
Volvo,Amazon
Volvo,V40
Volvo,V60
Volvo,C30
Volvo,S40
Volvo,ES90
Volvo,V90
Volvo,Polar
Volvo,480
Volvo,965
Volvo,960
Volvo,XC60
Volvo,340
Volvo,262
Volvo,XC40
Volvo,240
Volvo,360
Volvo,460
Volvo,XC90
Volvo,EX30
Volvo,944
Volvo,S90
Volvo,245
Volvo,745
Volvo,C70
Volvo,EC40
Volvo,945
Volvo,850
Volvo,V40 Cross Country
Volvo,740
Volvo,744
Volvo,855
Volvo,XC70
Volvo,780
Volvo,V60 Cross Country
Volvo,S80
Volvo,S70
Volvo,244
Volvo,940
Volvo,S60 Cross Country
Volvo,EX90
Volvo,EX40
Volvo,760
Volvo,264
Volvo,V70
Volvo,C40
Volvo,V90 Cross Country
Manufacturer,Model
Wartburg,311
Wartburg,353
Manufacturer,Model
Manufacturer,Model
WEY,Coffee 02
WEY,Coffee 01
Manufacturer,Model
Wiesmann,MF 3
Wiesmann,MF 5
Wiesmann,MF 28
Wiesmann,MF 25
Wiesmann,MF 35
Wiesmann,MF 30
Wiesmann,MF 4
Manufacturer,Model
XEV,YOYO
Manufacturer,Model
XPENG,G6
XPENG,P7
XPENG,G9
Manufacturer,Model
Manufacturer,Model
Manufacturer,Model
